Classifier,AUC
Random Forest,0.8564400000000001
Logistic,0.89216
Linear SVM SGD,0.86724
Logistic SGD,0.84828
KMeans,0.28859999999999997
kNN,0.73448
MLP,0.87436
