Classifier,AUC
Random Forest,0.8549200000000001
Logistic,0.8966799999999999
Linear SVM SGD,0.8742399999999999
Logistic SGD,0.86168
KMeans,0.7094799999999999
kNN,0.74524
MLP,0.8818400000000002
