Classifier,AUC,Mean 10-fold CV,F1-score
Random Forest,0.82252,0.8295600000000001,0.8171440346177622
Logistic,0.8930400000000001,0.89724,0.893423674770825
Linear SVM SGD,0.8917200000000001,0.8912800000000001,0.8937556419011735
Logistic SGD,0.8887599999999999,0.89,0.889795918367347
kNN,0.78052,0.8135200000000001,0.7805989843656285
MLP,0.89252,0.8925599999999999,0.8925071008521023
