Classifier,AUC,Mean 10-fold CV,F1-score,Precision,Recall
Random Forest,0.8204400000000001,0.83104,0.8143430249389967,0.8429660073636441,0.7876
Logistic,0.8937200000000001,0.89792,0.8940801275662746,0.8910607866507747,0.89712
Linear SVM SGD,0.8916799999999999,0.89072,0.8923773944837454,0.8866687727057337,0.89816
Logistic SGD,0.8868,0.8901599999999998,0.8851181294146303,0.8984671171913631,0.87216
kNN,0.77868,0.8138799999999999,0.7790600167711536,0.7777246272821494,0.7804
MLP,0.89244,0.89596,0.892280575251372,0.8936050710101902,0.89096
