Classifier,AUC
Random Forest,0.77572
Logistic,0.8966
Linear SVM SGD,0.87312
Logistic SGD,0.8603999999999999
KMeans,0.7097600000000001
kNN,0.7440800000000001
MLP,0.88204
