Classifier,AUC,Mean 10-fold CV,F1-score,Precision,Recall
Random Forest,0.8510800000000001,0.8492000000000001,0.8488858221374355,0.8615802916700996,0.83656
Logistic,0.8852800000000001,0.8947200000000001,0.8856641683941956,0.8827082008900191,0.88864
Linear SVM SGD,0.8718799999999999,0.8706400000000001,0.8739125300161398,0.8602650546384562,0.888
Logistic SGD,0.85892,0.8564,0.8610377841692606,0.8483037031286391,0.87416
KMeans,0.76088,-1127.4803884106007,0.7859802377201777,0.7113141524105754,0.87816
kNN,0.57428,0.5864800000000001,0.6197162968521099,0.5599535093949765,0.69376
MLP,0.82284,0.8747200000000002,0.8186099848466232,0.8386338843668708,0.79952
