Classifier,AUC,Mean 10-fold CV,F1-score
Random Forest,0.8244400000000001,0.8296000000000001,0.8193306713868191
Logistic,0.8937200000000001,0.89792,0.8940801275662746
Linear SVM SGD,0.89228,0.8914399999999999,0.8912841629324613
Logistic SGD,0.88712,0.8909600000000001,0.8870567517809974
kNN,0.77868,0.8138799999999999,0.7790600167711536
MLP,0.89484,0.8946000000000002,0.8944642928826624
