Classifier,AUC,Mean 10-fold CV,F1-score,Precision,Recall
Random Forest,0.8502,0.84968,0.847634159241629,0.8624058282970445,0.83336
Logistic,0.8852800000000001,0.8940399999999998,0.8856641683941956,0.8827082008900191,0.88864
Linear SVM SGD,0.8697199999999999,0.8705999999999999,0.8717565066740167,0.8583391486392185,0.8856
Logistic SGD,0.85932,0.8571199999999999,0.8620297359852498,0.8457393580170888,0.87896
MLP,0.8240799999999999,0.8733599999999999,0.8193394676306276,0.8420297196892942,0.79784
