Classifier,AUC
Random Forest,0.77636
Logistic,0.8920799999999999
Linear SVM SGD,0.8714000000000001
Logistic SGD,0.8582799999999998
KMeans,0.6913199999999999
kNN,0.73668
MLP,0.8810399999999999
