classifier,AUC
Random Forest,0.77432
Logistic,0.8920799999999999
Linear SVM SGD,0.8708799999999999
Logistic SGD,0.8584800000000001
KMeans,0.30548
kNN,0.73668
MLP,0.8769600000000001
